{"cameraMode":{"drawMode":0,"name":"Shaded","section":"Shading Mode"},"sceneLighting":false,"audioPlay":false,"sceneViewState":{"m_AlwaysRefresh":false,"showFog":false,"showSkybox":false,"showFlares":false,"showImageEffects":false,"showParticleSystems":false,"showVisualEffectGraphs":true,"m_FxEnabled":true},"in2DMode":false,"pivot":{"x":-0.41547900438308718,"y":0.30410149693489077,"z":0.09614849835634232},"rotation":{"x":-0.06670311093330383,"y":0.8786015510559082,"z":-0.12908664345741273,"w":-0.455035001039505},"size":0.5169947147369385,"orthographic":false}