{"cameraMode":{"drawMode":0,"name":"Shaded","section":"Shading Mode"},"sceneLighting":true,"audioPlay":false,"sceneViewState":{"m_AlwaysRefresh":false,"showFog":true,"showSkybox":true,"showFlares":true,"showImageEffects":true,"showParticleSystems":true,"showVisualEffectGraphs":true,"m_FxEnabled":true},"in2DMode":false,"pivot":{"x":-0.36919882893562319,"y":-9.52228832244873,"z":1.1809405088424683},"rotation":{"x":0.6176140904426575,"y":-0.010359369218349457,"z":0.008838187903165818,"w":0.7864765524864197},"size":7.104506969451904,"orthographic":false}