{"cameraMode":{"drawMode":0,"name":"Shaded","section":"Shading Mode"},"sceneLighting":true,"audioPlay":false,"sceneViewState":{"m_AlwaysRefresh":false,"showFog":true,"showSkybox":true,"showFlares":true,"showImageEffects":true,"showParticleSystems":true,"showVisualEffectGraphs":true,"m_FxEnabled":true},"in2DMode":false,"pivot":{"x":2.3920912742614748,"y":8.170883178710938,"z":-18.46579360961914},"rotation":{"x":-0.3445362150669098,"y":0.16136494278907777,"z":-0.060235630720853809,"w":-0.9228584170341492},"size":0.8660253882408142,"orthographic":false}