{"cameraMode":{"drawMode":0,"name":"Shaded","section":"Shading Mode"},"sceneLighting":false,"audioPlay":false,"sceneViewState":{"m_AlwaysRefresh":false,"showFog":false,"showSkybox":false,"showFlares":false,"showImageEffects":false,"showParticleSystems":false,"showVisualEffectGraphs":true,"m_FxEnabled":true},"in2DMode":false,"pivot":{"x":-0.30753976106643679,"y":0.870236337184906,"z":-1.7346111536026},"rotation":{"x":-0.0001438046310795471,"y":0.9975424408912659,"z":-0.07075483351945877,"w":-0.0038513082545250656},"size":1.3922092914581299,"orthographic":false}