{"cameraMode":{"drawMode":0,"name":"Shaded","section":"Shading Mode"},"sceneLighting":true,"audioPlay":false,"sceneViewState":{"m_AlwaysRefresh":false,"showFog":true,"showSkybox":true,"showFlares":true,"showImageEffects":true,"showParticleSystems":true,"showVisualEffectGraphs":true,"m_FxEnabled":true},"in2DMode":false,"pivot":{"x":59.84404373168945,"y":33.64279556274414,"z":-24.883567810058595},"rotation":{"x":0.10863089561462403,"y":-0.6910219788551331,"z":0.10524106025695801,"w":0.7070037722587586},"size":0.8986945152282715,"orthographic":false}