{"cameraMode":{"drawMode":0,"name":"Shaded","section":"Shading Mode"},"sceneLighting":true,"audioPlay":false,"sceneViewState":{"m_AlwaysRefresh":false,"showFog":true,"showSkybox":true,"showFlares":true,"showImageEffects":true,"showParticleSystems":true,"showVisualEffectGraphs":true,"m_FxEnabled":true},"in2DMode":false,"pivot":{"x":72.66963958740235,"y":81.16263580322266,"z":21.554622650146486},"rotation":{"x":0.39513805508613589,"y":-0.5144956111907959,"z":0.28726282715797427,"w":0.7049422860145569},"size":11.098698616027832,"orthographic":false}