{"cameraMode":{"drawMode":0,"name":"Shaded","section":"Shading Mode"},"sceneLighting":true,"audioPlay":false,"sceneViewState":{"m_AlwaysRefresh":false,"showFog":true,"showSkybox":true,"showFlares":true,"showImageEffects":true,"showParticleSystems":true,"showVisualEffectGraphs":true,"m_FxEnabled":true},"in2DMode":false,"pivot":{"x":1.7863714694976807,"y":54.833648681640628,"z":30.482898712158204},"rotation":{"x":0.003470055991783738,"y":-0.7908086180686951,"z":0.6122426390647888,"w":0.0035485283005982639},"size":0.8986945152282715,"orthographic":false}