{"cameraMode":{"drawMode":0,"name":"Shaded","section":"Shading Mode"},"sceneLighting":true,"audioPlay":false,"sceneViewState":{"m_AlwaysRefresh":false,"showFog":true,"showSkybox":true,"showFlares":true,"showImageEffects":true,"showParticleSystems":true,"showVisualEffectGraphs":true,"m_FxEnabled":true},"in2DMode":false,"pivot":{"x":1.4722678661346436,"y":1.3758586645126343,"z":-7.8557305335998539},"rotation":{"x":-0.22081275284290315,"y":0.6587391495704651,"z":-0.21159742772579194,"w":-0.6874133944511414},"size":0.8660253882408142,"orthographic":false}