{"cameraMode":{"drawMode":0,"name":"Shaded","section":"Shading Mode"},"sceneLighting":true,"audioPlay":false,"sceneViewState":{"m_AlwaysRefresh":false,"showFog":true,"showSkybox":true,"showFlares":true,"showImageEffects":true,"showParticleSystems":true,"showVisualEffectGraphs":true,"m_FxEnabled":true},"in2DMode":false,"pivot":{"x":10.523211479187012,"y":36.99594497680664,"z":-47.12925720214844},"rotation":{"x":0.45777058601379397,"y":-0.30070313811302187,"z":0.16679033637046815,"w":0.8200565576553345},"size":5.698695182800293,"orthographic":false}